017770006,"Test Bank"
017770019,"Test Bank"
017770022,"Test Bank"
017770035,"Test Bank"
017770048,"Test Bank"
017770051,"Test Bank"
017770064,"Test Bank"
017770077,"Test Bank"
017770080,"Test Bank"
017770093,"Test Bank"
017770103,"Test Bank"
017770116,"Test Bank"
017770129,"Test Bank"
017770132,"Test Bank"
017770145,"Test Bank"
017770158,"Test Bank"
017770161,"Test Bank"
017770174,"Test Bank"
017770187,"Test Bank"
017770190,"Test Bank"
017770200,"Test Bank"
017770213,"Test Bank"
017770226,"Test Bank"
017770239,"Test Bank"
017770242,"Test Bank"
017770255,"Test Bank"
017770268,"Test Bank"
017770271,"Test Bank"
017770284,"Test Bank"
017770297,"Test Bank"
017770307,"Test Bank"
017770310,"Test Bank"
017770323,"Test Bank"
017770336,"Test Bank"
017770349,"Test Bank"
017770352,"Test Bank"
017770365,"Test Bank"
017770378,"Test Bank"
017770381,"Test Bank"
017770394,"Test Bank"
017770404,"Test Bank"
017770417,"Test Bank"
017770420,"Test Bank"
017770433,"Test Bank"
017770446,"Test Bank"
017770459,"Test Bank"
017770462,"Test Bank"
017770475,"Test Bank"
017770488,"Test Bank"
017770491,"Test Bank"
017770501,"Test Bank"
017770514,"Test Bank"
017770527,"Test Bank"
017770530,"Test Bank"
017770543,"Test Bank"
017770556,"Test Bank"
017770569,"Test Bank"
017770572,"Test Bank"
017770585,"Test Bank"
017770598,"Test Bank"
017770608,"Test Bank"
017770611,"Test Bank"
017770624,"Test Bank"
017770637,"Test Bank"
017770640,"Test Bank"
017770653,"Test Bank"
017770666,"Test Bank"
017770679,"Test Bank"
017770682,"Test Bank"
017770695,"Test Bank"
017770705,"Test Bank"
017770718,"Test Bank"
017770721,"Test Bank"
017770734,"Test Bank"
017770747,"Test Bank"
017770750,"Test Bank"
017770763,"Test Bank"
017770776,"Test Bank"
017770789,"Test Bank"
017770792,"Test Bank"
017770802,"Test Bank"
017770815,"Test Bank"
017770828,"Test Bank"
017770831,"Test Bank"
017770844,"Test Bank"
017770857,"Test Bank"
017770860,"Test Bank"
017770873,"Test Bank"
017770886,"Test Bank"
017770899,"Test Bank"
017770909,"Test Bank"
017770912,"Test Bank"
017770925,"Test Bank"
017770938,"Test Bank"
017770941,"Test Bank"
017770954,"Test Bank"
017770967,"Test Bank"
017770970,"Test Bank"
017770983,"Test Bank"
017770996,"Test Bank"
027770009,"Test Bank"
027770012,"Test Bank"
027770025,"Test Bank"
027770038,"Test Bank"
027770041,"Test Bank"
027770054,"Test Bank"
027770067,"Test Bank"
027770070,"Test Bank"
027770083,"Test Bank"
027770096,"Test Bank"
027770106,"Test Bank"
027770119,"Test Bank"
027770122,"Test Bank"
027770135,"Test Bank"
027770148,"Test Bank"
027770151,"Test Bank"
027770164,"Test Bank"
027770177,"Test Bank"
027770180,"Test Bank"
027770193,"Test Bank"
027770203,"Test Bank"
027770216,"Test Bank"
027770229,"Test Bank"
027770232,"Test Bank"
027770245,"Test Bank"
027770258,"Test Bank"
027770261,"Test Bank"
027770274,"Test Bank"
027770287,"Test Bank"
027770290,"Test Bank"
027770300,"Test Bank"
027770313,"Test Bank"
027770326,"Test Bank"
027770339,"Test Bank"
027770342,"Test Bank"
027770355,"Test Bank"
027770368,"Test Bank"
027770371,"Test Bank"
027770384,"Test Bank"
027770397,"Test Bank"
027770407,"Test Bank"
027770410,"Test Bank"
027770423,"Test Bank"
027770436,"Test Bank"
027770449,"Test Bank"
027770452,"Test Bank"
027770465,"Test Bank"
027770478,"Test Bank"
027770481,"Test Bank"
027770494,"Test Bank"
027770504,"Test Bank"
027770517,"Test Bank"
027770520,"Test Bank"
027770533,"Test Bank"
027770546,"Test Bank"
027770559,"Test Bank"
027770562,"Test Bank"
027770575,"Test Bank"
027770588,"Test Bank"
027770591,"Test Bank"
027770601,"Test Bank"
027770614,"Test Bank"
027770627,"Test Bank"
027770630,"Test Bank"
027770643,"Test Bank"
027770656,"Test Bank"
027770669,"Test Bank"
027770672,"Test Bank"
027770685,"Test Bank"
027770698,"Test Bank"
027770708,"Test Bank"
027770711,"Test Bank"
027770724,"Test Bank"
027770737,"Test Bank"
027770740,"Test Bank"
027770753,"Test Bank"
027770766,"Test Bank"
027770779,"Test Bank"
027770782,"Test Bank"
027770795,"Test Bank"
027770805,"Test Bank"
027770818,"Test Bank"
027770821,"Test Bank"
027770834,"Test Bank"
027770847,"Test Bank"
027770850,"Test Bank"
027770863,"Test Bank"
027770876,"Test Bank"
027770889,"Test Bank"
027770892,"Test Bank"
027770902,"Test Bank"
027770915,"Test Bank"
027770928,"Test Bank"
027770931,"Test Bank"
027770944,"Test Bank"
027770957,"Test Bank"
027770960,"Test Bank"
027770973,"Test Bank"
027770986,"Test Bank"
027770999,"Test Bank"
037770002,"Test Bank"
037770015,"Test Bank"
037770028,"Test Bank"
037770031,"Test Bank"
037770044,"Test Bank"
037770057,"Test Bank"
037770060,"Test Bank"
037770073,"Test Bank"
037770086,"Test Bank"
037770099,"Test Bank"
037770109,"Test Bank"
037770112,"Test Bank"
037770125,"Test Bank"
037770138,"Test Bank"
037770141,"Test Bank"
037770154,"Test Bank"
037770167,"Test Bank"
037770170,"Test Bank"
037770183,"Test Bank"
037770196,"Test Bank"
037770206,"Test Bank"
037770219,"Test Bank"
037770222,"Test Bank"
037770235,"Test Bank"
037770248,"Test Bank"
037770251,"Test Bank"
037770264,"Test Bank"
037770277,"Test Bank"
037770280,"Test Bank"
037770293,"Test Bank"
037770303,"Test Bank"
037770316,"Test Bank"
037770329,"Test Bank"
037770332,"Test Bank"
037770345,"Test Bank"
037770358,"Test Bank"
037770361,"Test Bank"
037770374,"Test Bank"
037770387,"Test Bank"
037770390,"Test Bank"
037770400,"Test Bank"
037770413,"Test Bank"
037770426,"Test Bank"
037770439,"Test Bank"
037770442,"Test Bank"
037770455,"Test Bank"
037770468,"Test Bank"
037770471,"Test Bank"
037770484,"Test Bank"
037770497,"Test Bank"
037770507,"Test Bank"
037770510,"Test Bank"
037770523,"Test Bank"
037770536,"Test Bank"
037770549,"Test Bank"
037770552,"Test Bank"
037770565,"Test Bank"
037770578,"Test Bank"
037770581,"Test Bank"
037770594,"Test Bank"
037770604,"Test Bank"
037770617,"Test Bank"
037770620,"Test Bank"
037770633,"Test Bank"
037770646,"Test Bank"
037770659,"Test Bank"
037770662,"Test Bank"
037770675,"Test Bank"
037770688,"Test Bank"
037770691,"Test Bank"
037770701,"Test Bank"
037770714,"Test Bank"
037770727,"Test Bank"
037770730,"Test Bank"
037770743,"Test Bank"
037770756,"Test Bank"
037770769,"Test Bank"
037770772,"Test Bank"
037770785,"Test Bank"
037770798,"Test Bank"
037770808,"Test Bank"
037770811,"Test Bank"
037770824,"Test Bank"
037770837,"Test Bank"
037770840,"Test Bank"
037770853,"Test Bank"
037770866,"Test Bank"
037770879,"Test Bank"
037770882,"Test Bank"
037770895,"Test Bank"
037770905,"Test Bank"
037770918,"Test Bank"
037770921,"Test Bank"
037770934,"Test Bank"
037770947,"Test Bank"
037770950,"Test Bank"
037770963,"Test Bank"
037770976,"Test Bank"
037770989,"Test Bank"
037770992,"Test Bank"
047770005,"Test Bank"
047770018,"Test Bank"
047770021,"Test Bank"
047770034,"Test Bank"
047770047,"Test Bank"
047770050,"Test Bank"
047770063,"Test Bank"
047770076,"Test Bank"
047770089,"Test Bank"
047770092,"Test Bank"
047770102,"Test Bank"
047770115,"Test Bank"
047770128,"Test Bank"
047770131,"Test Bank"
047770144,"Test Bank"
047770157,"Test Bank"
047770160,"Test Bank"
047770173,"Test Bank"
047770186,"Test Bank"
047770199,"Test Bank"
047770209,"Test Bank"
047770212,"Test Bank"
047770225,"Test Bank"
047770238,"Test Bank"
047770241,"Test Bank"
047770254,"Test Bank"
047770267,"Test Bank"
047770270,"Test Bank"
047770283,"Test Bank"
047770296,"Test Bank"
047770306,"Test Bank"
047770319,"Test Bank"
047770322,"Test Bank"
047770335,"Test Bank"
047770348,"Test Bank"
047770351,"Test Bank"
047770364,"Test Bank"
047770377,"Test Bank"
047770380,"Test Bank"
047770393,"Test Bank"
047770403,"Test Bank"
047770416,"Test Bank"
047770429,"Test Bank"
047770432,"Test Bank"
047770445,"Test Bank"
047770458,"Test Bank"
047770461,"Test Bank"
047770474,"Test Bank"
047770487,"Test Bank"
047770490,"Test Bank"
047770500,"Test Bank"
047770513,"Test Bank"
047770526,"Test Bank"
047770539,"Test Bank"
047770542,"Test Bank"
047770555,"Test Bank"
047770568,"Test Bank"
047770571,"Test Bank"
047770584,"Test Bank"
047770597,"Test Bank"
047770607,"Test Bank"
047770610,"Test Bank"
047770623,"Test Bank"
047770636,"Test Bank"
047770649,"Test Bank"
047770652,"Test Bank"
047770665,"Test Bank"
047770678,"Test Bank"
047770681,"Test Bank"
047770694,"Test Bank"
047770704,"Test Bank"
047770717,"Test Bank"
047770720,"Test Bank"
047770733,"Test Bank"
047770746,"Test Bank"
047770759,"Test Bank"
047770762,"Test Bank"
047770775,"Test Bank"
047770788,"Test Bank"
047770791,"Test Bank"
047770801,"Test Bank"
047770814,"Test Bank"
047770827,"Test Bank"
047770830,"Test Bank"
047770843,"Test Bank"
047770856,"Test Bank"
047770869,"Test Bank"
047770872,"Test Bank"
047770885,"Test Bank"
047770898,"Test Bank"
047770908,"Test Bank"
047770911,"Test Bank"
047770924,"Test Bank"
047770937,"Test Bank"
047770940,"Test Bank"
047770953,"Test Bank"
047770966,"Test Bank"
047770979,"Test Bank"
047770982,"Test Bank"
047770995,"Test Bank"
057770008,"Test Bank"
057770011,"Test Bank"
057770024,"Test Bank"
057770037,"Test Bank"
057770040,"Test Bank"
057770053,"Test Bank"
057770066,"Test Bank"
057770079,"Test Bank"
057770082,"Test Bank"
057770095,"Test Bank"
057770105,"Test Bank"
057770118,"Test Bank"
057770121,"Test Bank"
057770134,"Test Bank"
057770147,"Test Bank"
057770150,"Test Bank"
057770163,"Test Bank"
057770176,"Test Bank"
057770189,"Test Bank"
057770192,"Test Bank"
057770202,"Test Bank"
057770215,"Test Bank"
057770228,"Test Bank"
057770231,"Test Bank"
057770244,"Test Bank"
057770257,"Test Bank"
057770260,"Test Bank"
057770273,"Test Bank"
057770286,"Test Bank"
057770299,"Test Bank"
057770309,"Test Bank"
057770312,"Test Bank"
057770325,"Test Bank"
057770338,"Test Bank"
057770341,"Test Bank"
057770354,"Test Bank"
057770367,"Test Bank"
057770370,"Test Bank"
057770383,"Test Bank"
057770396,"Test Bank"
057770406,"Test Bank"
057770419,"Test Bank"
057770422,"Test Bank"
057770435,"Test Bank"
057770448,"Test Bank"
057770451,"Test Bank"
057770464,"Test Bank"
057770477,"Test Bank"
057770480,"Test Bank"
057770493,"Test Bank"
057770503,"Test Bank"
057770516,"Test Bank"
057770529,"Test Bank"
057770532,"Test Bank"
057770545,"Test Bank"
057770558,"Test Bank"
057770561,"Test Bank"
057770574,"Test Bank"
057770587,"Test Bank"
057770590,"Test Bank"
057770600,"Test Bank"
057770613,"Test Bank"
057770626,"Test Bank"
057770639,"Test Bank"
057770642,"Test Bank"
057770655,"Test Bank"
057770668,"Test Bank"
057770671,"Test Bank"
057770684,"Test Bank"
057770697,"Test Bank"
057770707,"Test Bank"
057770710,"Test Bank"
057770723,"Test Bank"
057770736,"Test Bank"
057770749,"Test Bank"
057770752,"Test Bank"
057770765,"Test Bank"
057770778,"Test Bank"
057770781,"Test Bank"
057770794,"Test Bank"
057770804,"Test Bank"
057770817,"Test Bank"
057770820,"Test Bank"
057770833,"Test Bank"
057770846,"Test Bank"
057770859,"Test Bank"
057770862,"Test Bank"
057770875,"Test Bank"
057770888,"Test Bank"
057770891,"Test Bank"
057770901,"Test Bank"
057770914,"Test Bank"
057770927,"Test Bank"
057770930,"Test Bank"
057770943,"Test Bank"
057770956,"Test Bank"
057770969,"Test Bank"
057770972,"Test Bank"
057770985,"Test Bank"
057770998,"Test Bank"
067770001,"Test Bank"
067770014,"Test Bank"
067770027,"Test Bank"
067770030,"Test Bank"
067770043,"Test Bank"
067770056,"Test Bank"
067770069,"Test Bank"
067770072,"Test Bank"
067770085,"Test Bank"
067770098,"Test Bank"
067770108,"Test Bank"
067770111,"Test Bank"
067770124,"Test Bank"
067770137,"Test Bank"
067770140,"Test Bank"
067770153,"Test Bank"
067770166,"Test Bank"
067770179,"Test Bank"
067770182,"Test Bank"
067770195,"Test Bank"
067770205,"Test Bank"
067770218,"Test Bank"
067770221,"Test Bank"
067770234,"Test Bank"
067770247,"Test Bank"
067770250,"Test Bank"
067770263,"Test Bank"
067770276,"Test Bank"
067770289,"Test Bank"
067770292,"Test Bank"
067770302,"Test Bank"
067770315,"Test Bank"
067770328,"Test Bank"
067770331,"Test Bank"
067770344,"Test Bank"
067770357,"Test Bank"
067770360,"Test Bank"
067770373,"Test Bank"
067770386,"Test Bank"
067770399,"Test Bank"
067770409,"Test Bank"
067770412,"Test Bank"
067770425,"Test Bank"
067770438,"Test Bank"
067770441,"Test Bank"
067770454,"Test Bank"
067770467,"Test Bank"
067770470,"Test Bank"
067770483,"Test Bank"
067770496,"Test Bank"
067770506,"Test Bank"
067770519,"Test Bank"
067770522,"Test Bank"
067770535,"Test Bank"
067770548,"Test Bank"
067770551,"Test Bank"
067770564,"Test Bank"
067770577,"Test Bank"
067770580,"Test Bank"
067770593,"Test Bank"
067770603,"Test Bank"
067770616,"Test Bank"
067770629,"Test Bank"
067770632,"Test Bank"
067770645,"Test Bank"
067770658,"Test Bank"
067770661,"Test Bank"
067770674,"Test Bank"
067770687,"Test Bank"
067770690,"Test Bank"
067770700,"Test Bank"
067770713,"Test Bank"
067770726,"Test Bank"
067770739,"Test Bank"
067770742,"Test Bank"
067770755,"Test Bank"
067770768,"Test Bank"
067770771,"Test Bank"
067770784,"Test Bank"
067770797,"Test Bank"
067770807,"Test Bank"
067770810,"Test Bank"
067770823,"Test Bank"
067770836,"Test Bank"
067770849,"Test Bank"
067770852,"Test Bank"
067770865,"Test Bank"
067770878,"Test Bank"
067770881,"Test Bank"
067770894,"Test Bank"
067770904,"Test Bank"
067770917,"Test Bank"
067770920,"Test Bank"
067770933,"Test Bank"
067770946,"Test Bank"
067770959,"Test Bank"
067770962,"Test Bank"
067770975,"Test Bank"
067770988,"Test Bank"
067770991,"Test Bank"
077770004,"Test Bank"
077770017,"Test Bank"
077770020,"Test Bank"
077770033,"Test Bank"
077770046,"Test Bank"
077770059,"Test Bank"
077770062,"Test Bank"
077770075,"Test Bank"
077770088,"Test Bank"
077770091,"Test Bank"
077770101,"Test Bank"
077770114,"Test Bank"
077770127,"Test Bank"
077770130,"Test Bank"
077770143,"Test Bank"
077770156,"Test Bank"
077770169,"Test Bank"
077770172,"Test Bank"
077770185,"Test Bank"
077770198,"Test Bank"
077770208,"Test Bank"
077770211,"Test Bank"
077770224,"Test Bank"
077770237,"Test Bank"
077770240,"Test Bank"
077770253,"Test Bank"
077770266,"Test Bank"
077770279,"Test Bank"
077770282,"Test Bank"
077770295,"Test Bank"
077770305,"Test Bank"
077770318,"Test Bank"
077770321,"Test Bank"
077770334,"Test Bank"
077770347,"Test Bank"
077770350,"Test Bank"
077770363,"Test Bank"
077770376,"Test Bank"
077770389,"Test Bank"
077770392,"Test Bank"
077770402,"Test Bank"
077770415,"Test Bank"
077770428,"Test Bank"
077770431,"Test Bank"
077770444,"Test Bank"
077770457,"Test Bank"
077770460,"Test Bank"
077770473,"Test Bank"
077770486,"Test Bank"
077770499,"Test Bank"
077770509,"Test Bank"
077770512,"Test Bank"
077770525,"Test Bank"
077770538,"Test Bank"
077770541,"Test Bank"
077770554,"Test Bank"
077770567,"Test Bank"
077770570,"Test Bank"
077770583,"Test Bank"
077770596,"Test Bank"
077770606,"Test Bank"
077770619,"Test Bank"
077770622,"Test Bank"
077770635,"Test Bank"
077770648,"Test Bank"
077770651,"Test Bank"
077770664,"Test Bank"
077770677,"Test Bank"
077770680,"Test Bank"
077770693,"Test Bank"
077770703,"Test Bank"
077770716,"Test Bank"
077770729,"Test Bank"
077770732,"Test Bank"
077770745,"Test Bank"
077770758,"Test Bank"
077770761,"Test Bank"
077770774,"Test Bank"
077770787,"Test Bank"
077770790,"Test Bank"
077770800,"Test Bank"
077770813,"Test Bank"
077770826,"Test Bank"
077770839,"Test Bank"
077770842,"Test Bank"
077770855,"Test Bank"
077770868,"Test Bank"
077770871,"Test Bank"
077770884,"Test Bank"
077770897,"Test Bank"
077770907,"Test Bank"
077770910,"Test Bank"
077770923,"Test Bank"
077770936,"Test Bank"
077770949,"Test Bank"
077770952,"Test Bank"
077770965,"Test Bank"
077770978,"Test Bank"
077770981,"Test Bank"
077770994,"Test Bank"
087770007,"Test Bank"
087770010,"Test Bank"
087770023,"Test Bank"
087770036,"Test Bank"
087770049,"Test Bank"
087770052,"Test Bank"
087770065,"Test Bank"
087770078,"Test Bank"
087770081,"Test Bank"
087770094,"Test Bank"
087770104,"Test Bank"
087770117,"Test Bank"
087770120,"Test Bank"
087770133,"Test Bank"
087770146,"Test Bank"
087770159,"Test Bank"
087770162,"Test Bank"
087770175,"Test Bank"
087770188,"Test Bank"
087770191,"Test Bank"
087770201,"Test Bank"
087770214,"Test Bank"
087770227,"Test Bank"
087770230,"Test Bank"
087770243,"Test Bank"
087770256,"Test Bank"
087770269,"Test Bank"
087770272,"Test Bank"
087770285,"Test Bank"
087770298,"Test Bank"
087770308,"Test Bank"
087770311,"Test Bank"
087770324,"Test Bank"
087770337,"Test Bank"
087770340,"Test Bank"
087770353,"Test Bank"
087770366,"Test Bank"
087770379,"Test Bank"
087770382,"Test Bank"
087770395,"Test Bank"
087770405,"Test Bank"
087770418,"Test Bank"
087770421,"Test Bank"
087770434,"Test Bank"
087770447,"Test Bank"
087770450,"Test Bank"
087770463,"Test Bank"
087770476,"Test Bank"
087770489,"Test Bank"
087770492,"Test Bank"
087770502,"Test Bank"
087770515,"Test Bank"
087770528,"Test Bank"
087770531,"Test Bank"
087770544,"Test Bank"
087770557,"Test Bank"
087770560,"Test Bank"
087770573,"Test Bank"
087770586,"Test Bank"
087770599,"Test Bank"
087770609,"Test Bank"
087770612,"Test Bank"
087770625,"Test Bank"
087770638,"Test Bank"
087770641,"Test Bank"
087770654,"Test Bank"
087770667,"Test Bank"
087770670,"Test Bank"
087770683,"Test Bank"
087770696,"Test Bank"
087770706,"Test Bank"
087770719,"Test Bank"
087770722,"Test Bank"
087770735,"Test Bank"
087770748,"Test Bank"
087770751,"Test Bank"
087770764,"Test Bank"
087770777,"Test Bank"
087770780,"Test Bank"
087770793,"Test Bank"
087770803,"Test Bank"
087770816,"Test Bank"
087770829,"Test Bank"
087770832,"Test Bank"
087770845,"Test Bank"
087770858,"Test Bank"
087770861,"Test Bank"
087770874,"Test Bank"
087770887,"Test Bank"
087770890,"Test Bank"
087770900,"Test Bank"
087770913,"Test Bank"
087770926,"Test Bank"
087770939,"Test Bank"
087770942,"Test Bank"
087770955,"Test Bank"
087770968,"Test Bank"
087770971,"Test Bank"
087770984,"Test Bank"
087770997,"Test Bank"
097770000,"Test Bank"
097770013,"Test Bank"
097770026,"Test Bank"
097770039,"Test Bank"
097770042,"Test Bank"
097770055,"Test Bank"
097770068,"Test Bank"
097770071,"Test Bank"
097770084,"Test Bank"
097770097,"Test Bank"
097770107,"Test Bank"
097770110,"Test Bank"
097770123,"Test Bank"
097770136,"Test Bank"
097770149,"Test Bank"
097770152,"Test Bank"
097770165,"Test Bank"
097770178,"Test Bank"
097770181,"Test Bank"
097770194,"Test Bank"
097770204,"Test Bank"
097770217,"Test Bank"
097770220,"Test Bank"
097770233,"Test Bank"
097770246,"Test Bank"
097770259,"Test Bank"
097770262,"Test Bank"
097770275,"Test Bank"
097770288,"Test Bank"
097770291,"Test Bank"
097770301,"Test Bank"
097770314,"Test Bank"
097770327,"Test Bank"
097770330,"Test Bank"
097770343,"Test Bank"
097770356,"Test Bank"
097770369,"Test Bank"
097770372,"Test Bank"
097770385,"Test Bank"
097770398,"Test Bank"
097770408,"Test Bank"
097770411,"Test Bank"
097770424,"Test Bank"
097770437,"Test Bank"
097770440,"Test Bank"
097770453,"Test Bank"
097770466,"Test Bank"
097770479,"Test Bank"
097770482,"Test Bank"
097770495,"Test Bank"
097770505,"Test Bank"
097770518,"Test Bank"
097770521,"Test Bank"
097770534,"Test Bank"
097770547,"Test Bank"
097770550,"Test Bank"
097770563,"Test Bank"
097770576,"Test Bank"
097770589,"Test Bank"
097770592,"Test Bank"
097770602,"Test Bank"
097770615,"Test Bank"
097770628,"Test Bank"
097770631,"Test Bank"
097770644,"Test Bank"
097770657,"Test Bank"
097770660,"Test Bank"
097770673,"Test Bank"
097770686,"Test Bank"
097770699,"Test Bank"
097770709,"Test Bank"
097770712,"Test Bank"
097770725,"Test Bank"
097770738,"Test Bank"
097770741,"Test Bank"
097770754,"Test Bank"
097770767,"Test Bank"
097770770,"Test Bank"
097770783,"Test Bank"
097770796,"Test Bank"
097770806,"Test Bank"
097770819,"Test Bank"
097770822,"Test Bank"
097770835,"Test Bank"
097770848,"Test Bank"
097770851,"Test Bank"
097770864,"Test Bank"
097770877,"Test Bank"
097770880,"Test Bank"
097770893,"Test Bank"
097770903,"Test Bank"
097770916,"Test Bank"
097770929,"Test Bank"
097770932,"Test Bank"
097770945,"Test Bank"
097770958,"Test Bank"
097770961,"Test Bank"
097770974,"Test Bank"
097770987,"Test Bank"
097770990,"Test Bank"
107770000,"Test Bank"
107770013,"Test Bank"
107770026,"Test Bank"
107770039,"Test Bank"
107770042,"Test Bank"
107770055,"Test Bank"
107770068,"Test Bank"
107770071,"Test Bank"
107770084,"Test Bank"
107770097,"Test Bank"
107770107,"Test Bank"
107770110,"Test Bank"
107770123,"Test Bank"
107770136,"Test Bank"
107770149,"Test Bank"
107770152,"Test Bank"
107770165,"Test Bank"
107770178,"Test Bank"
107770181,"Test Bank"
107770194,"Test Bank"
107770204,"Test Bank"
107770217,"Test Bank"
107770220,"Test Bank"
107770233,"Test Bank"
107770246,"Test Bank"
107770259,"Test Bank"
107770262,"Test Bank"
107770275,"Test Bank"
107770288,"Test Bank"
107770291,"Test Bank"
107770301,"Test Bank"
107770314,"Test Bank"
107770327,"Test Bank"
107770330,"Test Bank"
107770343,"Test Bank"
107770356,"Test Bank"
107770369,"Test Bank"
107770372,"Test Bank"
107770385,"Test Bank"
107770398,"Test Bank"
107770408,"Test Bank"
107770411,"Test Bank"
107770424,"Test Bank"
107770437,"Test Bank"
107770440,"Test Bank"
107770453,"Test Bank"
107770466,"Test Bank"
107770479,"Test Bank"
107770482,"Test Bank"
107770495,"Test Bank"
107770505,"Test Bank"
107770518,"Test Bank"
107770521,"Test Bank"
107770534,"Test Bank"
107770547,"Test Bank"
107770550,"Test Bank"
107770563,"Test Bank"
107770576,"Test Bank"
107770589,"Test Bank"
107770592,"Test Bank"
107770602,"Test Bank"
107770615,"Test Bank"
107770628,"Test Bank"
107770631,"Test Bank"
107770644,"Test Bank"
107770657,"Test Bank"
107770660,"Test Bank"
107770673,"Test Bank"
107770686,"Test Bank"
107770699,"Test Bank"
107770709,"Test Bank"
107770712,"Test Bank"
107770725,"Test Bank"
107770738,"Test Bank"
107770741,"Test Bank"
107770754,"Test Bank"
107770767,"Test Bank"
107770770,"Test Bank"
107770783,"Test Bank"
107770796,"Test Bank"
107770806,"Test Bank"
107770819,"Test Bank"
107770822,"Test Bank"
107770835,"Test Bank"
107770848,"Test Bank"
107770851,"Test Bank"
107770864,"Test Bank"
107770877,"Test Bank"
107770880,"Test Bank"
107770893,"Test Bank"
107770903,"Test Bank"
107770916,"Test Bank"
107770929,"Test Bank"
107770932,"Test Bank"
107770945,"Test Bank"
107770958,"Test Bank"
107770961,"Test Bank"
107770974,"Test Bank"
107770987,"Test Bank"
107770990,"Test Bank"
117770003,"Test Bank"
117770016,"Test Bank"
117770029,"Test Bank"
117770032,"Test Bank"
117770045,"Test Bank"
117770058,"Test Bank"
117770061,"Test Bank"
117770074,"Test Bank"
117770087,"Test Bank"
117770090,"Test Bank"
117770100,"Test Bank"
117770113,"Test Bank"
117770126,"Test Bank"
117770139,"Test Bank"
117770142,"Test Bank"
117770155,"Test Bank"
117770168,"Test Bank"
117770171,"Test Bank"
117770184,"Test Bank"
117770197,"Test Bank"
117770207,"Test Bank"
117770210,"Test Bank"
117770223,"Test Bank"
117770236,"Test Bank"
117770249,"Test Bank"
117770252,"Test Bank"
117770265,"Test Bank"
117770278,"Test Bank"
117770281,"Test Bank"
117770294,"Test Bank"
117770304,"Test Bank"
117770317,"Test Bank"
117770320,"Test Bank"
117770333,"Test Bank"
117770346,"Test Bank"
117770359,"Test Bank"
117770362,"Test Bank"
117770375,"Test Bank"
117770388,"Test Bank"
117770391,"Test Bank"
117770401,"Test Bank"
117770414,"Test Bank"
117770427,"Test Bank"
117770430,"Test Bank"
117770443,"Test Bank"
117770456,"Test Bank"
117770469,"Test Bank"
117770472,"Test Bank"
117770485,"Test Bank"
117770498,"Test Bank"
117770508,"Test Bank"
117770511,"Test Bank"
117770524,"Test Bank"
117770537,"Test Bank"
117770540,"Test Bank"
117770553,"Test Bank"
117770566,"Test Bank"
117770579,"Test Bank"
117770582,"Test Bank"
117770595,"Test Bank"
117770605,"Test Bank"
117770618,"Test Bank"
117770621,"Test Bank"
117770634,"Test Bank"
117770647,"Test Bank"
117770650,"Test Bank"
117770663,"Test Bank"
117770676,"Test Bank"
117770689,"Test Bank"
117770692,"Test Bank"
117770702,"Test Bank"
117770715,"Test Bank"
117770728,"Test Bank"
117770731,"Test Bank"
117770744,"Test Bank"
117770757,"Test Bank"
117770760,"Test Bank"
117770773,"Test Bank"
117770786,"Test Bank"
117770799,"Test Bank"
117770809,"Test Bank"
117770812,"Test Bank"
117770825,"Test Bank"
117770838,"Test Bank"
117770841,"Test Bank"
117770854,"Test Bank"
117770867,"Test Bank"
117770870,"Test Bank"
117770883,"Test Bank"
117770896,"Test Bank"
117770906,"Test Bank"
117770919,"Test Bank"
117770922,"Test Bank"
117770935,"Test Bank"
117770948,"Test Bank"
117770951,"Test Bank"
117770964,"Test Bank"
117770977,"Test Bank"
117770980,"Test Bank"
117770993,"Test Bank"
127770006,"Test Bank"
127770019,"Test Bank"
127770022,"Test Bank"
127770035,"Test Bank"
127770048,"Test Bank"
127770051,"Test Bank"
127770064,"Test Bank"
127770077,"Test Bank"
127770080,"Test Bank"
127770093,"Test Bank"
127770103,"Test Bank"
127770116,"Test Bank"
127770129,"Test Bank"
127770132,"Test Bank"
127770145,"Test Bank"
127770158,"Test Bank"
127770161,"Test Bank"
127770174,"Test Bank"
127770187,"Test Bank"
127770190,"Test Bank"
127770200,"Test Bank"
127770213,"Test Bank"
127770226,"Test Bank"
127770239,"Test Bank"
127770242,"Test Bank"
127770255,"Test Bank"
127770268,"Test Bank"
127770271,"Test Bank"
127770284,"Test Bank"
127770297,"Test Bank"
127770307,"Test Bank"
127770310,"Test Bank"
127770323,"Test Bank"
127770336,"Test Bank"
127770349,"Test Bank"
127770352,"Test Bank"
127770365,"Test Bank"
127770378,"Test Bank"
127770381,"Test Bank"
127770394,"Test Bank"
127770404,"Test Bank"
127770417,"Test Bank"
127770420,"Test Bank"
127770433,"Test Bank"
127770446,"Test Bank"
127770459,"Test Bank"
127770462,"Test Bank"
127770475,"Test Bank"
127770488,"Test Bank"
127770491,"Test Bank"
127770501,"Test Bank"
127770514,"Test Bank"
127770527,"Test Bank"
127770530,"Test Bank"
127770543,"Test Bank"
127770556,"Test Bank"
127770569,"Test Bank"
127770572,"Test Bank"
127770585,"Test Bank"
127770598,"Test Bank"
127770608,"Test Bank"
127770611,"Test Bank"
127770624,"Test Bank"
127770637,"Test Bank"
127770640,"Test Bank"
127770653,"Test Bank"
127770666,"Test Bank"
127770679,"Test Bank"
127770682,"Test Bank"
127770695,"Test Bank"
127770705,"Test Bank"
127770718,"Test Bank"
127770721,"Test Bank"
127770734,"Test Bank"
127770747,"Test Bank"
127770750,"Test Bank"
127770763,"Test Bank"
127770776,"Test Bank"
127770789,"Test Bank"
127770792,"Test Bank"
127770802,"Test Bank"
127770815,"Test Bank"
127770828,"Test Bank"
127770831,"Test Bank"
127770844,"Test Bank"
127770857,"Test Bank"
127770860,"Test Bank"
127770873,"Test Bank"
127770886,"Test Bank"
127770899,"Test Bank"
127770909,"Test Bank"
127770912,"Test Bank"
127770925,"Test Bank"
127770938,"Test Bank"
127770941,"Test Bank"
127770954,"Test Bank"
127770967,"Test Bank"
127770970,"Test Bank"
127770983,"Test Bank"
127770996,"Test Bank"
